<?xml version="1.0" encoding="UTF-8"?>
<rss version="2.0" xmlns:atom="http://www.w3.org/2005/Atom">
  <channel>
    <title>Design Wall Template</title>
    <description>Write an awesome description for your new site here. You can edit this line in _config.yml. 
</description>
    <link>.//</link>
    <atom:link href=".//feed.xml" rel="self" type="application/rss+xml"/>
    <pubDate>Tue, 06 Jan 2015 19:10:22 +0400</pubDate>
    <lastBuildDate>Tue, 06 Jan 2015 19:10:22 +0400</lastBuildDate>
    <generator>Jekyll v2.5.2</generator>
    
      <item>
        <title>You don&#39;t fool me</title>
        <description>&lt;p&gt;You’ll find this post in your &lt;code&gt;_posts&lt;/code&gt; directory. Go ahead and edit it and re-build the site to see your changes. You can rebuild the site in many different ways, but the most common way is to run &lt;code&gt;jekyll serve&lt;/code&gt;, which launches a web server and auto-regenerates your site when a file is updated.&lt;/p&gt;

&lt;p&gt;To add new posts, simply add a file in the &lt;code&gt;_posts&lt;/code&gt; directory that follows the convention &lt;code&gt;YYYY-MM-DD-name-of-post.ext&lt;/code&gt; and includes the necessary front matter. Take a look at the source for this post to get an idea about how it works.&lt;/p&gt;

&lt;p&gt;Jekyll also offers powerful support for code snippets:&lt;/p&gt;

&lt;div class=&quot;highlight&quot;&gt;&lt;pre&gt;&lt;code class=&quot;language-ruby&quot; data-lang=&quot;ruby&quot;&gt;&lt;span class=&quot;k&quot;&gt;def&lt;/span&gt; &lt;span class=&quot;nf&quot;&gt;print_hi&lt;/span&gt;&lt;span class=&quot;p&quot;&gt;(&lt;/span&gt;&lt;span class=&quot;nb&quot;&gt;name&lt;/span&gt;&lt;span class=&quot;p&quot;&gt;)&lt;/span&gt;
  &lt;span class=&quot;nb&quot;&gt;puts&lt;/span&gt; &lt;span class=&quot;s2&quot;&gt;&amp;quot;Hi, &lt;/span&gt;&lt;span class=&quot;si&quot;&gt;#{&lt;/span&gt;&lt;span class=&quot;nb&quot;&gt;name&lt;/span&gt;&lt;span class=&quot;si&quot;&gt;}&lt;/span&gt;&lt;span class=&quot;s2&quot;&gt;&amp;quot;&lt;/span&gt;
&lt;span class=&quot;k&quot;&gt;end&lt;/span&gt;
&lt;span class=&quot;n&quot;&gt;print_hi&lt;/span&gt;&lt;span class=&quot;p&quot;&gt;(&lt;/span&gt;&lt;span class=&quot;s1&quot;&gt;&amp;#39;Tom&amp;#39;&lt;/span&gt;&lt;span class=&quot;p&quot;&gt;)&lt;/span&gt;
&lt;span class=&quot;c1&quot;&gt;#=&amp;gt; prints &amp;#39;Hi, Tom&amp;#39; to STDOUT.&lt;/span&gt;&lt;/code&gt;&lt;/pre&gt;&lt;/div&gt;

&lt;p&gt;Check out the &lt;a href=&quot;http://jekyllrb.com&quot;&gt;Jekyll docs&lt;/a&gt; for more info on how to get the most out of Jekyll. File all bugs/feature requests at &lt;a href=&quot;https://github.com/jekyll/jekyll&quot;&gt;Jekyll’s GitHub repo&lt;/a&gt;. If you have questions, you can ask them on &lt;a href=&quot;https://github.com/jekyll/jekyll-help&quot;&gt;Jekyll’s dedicated Help repository&lt;/a&gt;.&lt;/p&gt;

</description>
        <pubDate>Sun, 04 Jan 2015 00:45:39 +0400</pubDate>
        <link>.//2015/01/04/welcome-to-jekyll%20-%20Copy%20-%20Copy%20-%20Copy%20-%20Copy%20-%20Copy.html</link>
        <guid isPermaLink="true">.//2015/01/04/welcome-to-jekyll%20-%20Copy%20-%20Copy%20-%20Copy%20-%20Copy%20-%20Copy.html</guid>
        
        
      </item>
    
      <item>
        <title>Another title for our articles</title>
        <description>&lt;p&gt;You’ll find this post in your &lt;code&gt;_posts&lt;/code&gt; directory. Go ahead and edit it and re-build the site to see your changes. You can rebuild the site in many different ways, but the most common way is to run &lt;code&gt;jekyll serve&lt;/code&gt;, which launches a web server and auto-regenerates your site when a file is updated.&lt;/p&gt;

&lt;p&gt;To add new posts, simply add a file in the &lt;code&gt;_posts&lt;/code&gt; directory that follows the convention &lt;code&gt;YYYY-MM-DD-name-of-post.ext&lt;/code&gt; and includes the necessary front matter. Take a look at the source for this post to get an idea about how it works.&lt;/p&gt;

&lt;p&gt;Jekyll also offers powerful support for code snippets:&lt;/p&gt;

&lt;div class=&quot;highlight&quot;&gt;&lt;pre&gt;&lt;code class=&quot;language-ruby&quot; data-lang=&quot;ruby&quot;&gt;&lt;span class=&quot;k&quot;&gt;def&lt;/span&gt; &lt;span class=&quot;nf&quot;&gt;print_hi&lt;/span&gt;&lt;span class=&quot;p&quot;&gt;(&lt;/span&gt;&lt;span class=&quot;nb&quot;&gt;name&lt;/span&gt;&lt;span class=&quot;p&quot;&gt;)&lt;/span&gt;
  &lt;span class=&quot;nb&quot;&gt;puts&lt;/span&gt; &lt;span class=&quot;s2&quot;&gt;&amp;quot;Hi, &lt;/span&gt;&lt;span class=&quot;si&quot;&gt;#{&lt;/span&gt;&lt;span class=&quot;nb&quot;&gt;name&lt;/span&gt;&lt;span class=&quot;si&quot;&gt;}&lt;/span&gt;&lt;span class=&quot;s2&quot;&gt;&amp;quot;&lt;/span&gt;
&lt;span class=&quot;k&quot;&gt;end&lt;/span&gt;
&lt;span class=&quot;n&quot;&gt;print_hi&lt;/span&gt;&lt;span class=&quot;p&quot;&gt;(&lt;/span&gt;&lt;span class=&quot;s1&quot;&gt;&amp;#39;Tom&amp;#39;&lt;/span&gt;&lt;span class=&quot;p&quot;&gt;)&lt;/span&gt;
&lt;span class=&quot;c1&quot;&gt;#=&amp;gt; prints &amp;#39;Hi, Tom&amp;#39; to STDOUT.&lt;/span&gt;&lt;/code&gt;&lt;/pre&gt;&lt;/div&gt;

&lt;p&gt;Check out the &lt;a href=&quot;http://jekyllrb.com&quot;&gt;Jekyll docs&lt;/a&gt; for more info on how to get the most out of Jekyll. File all bugs/feature requests at &lt;a href=&quot;https://github.com/jekyll/jekyll&quot;&gt;Jekyll’s GitHub repo&lt;/a&gt;. If you have questions, you can ask them on &lt;a href=&quot;https://github.com/jekyll/jekyll-help&quot;&gt;Jekyll’s dedicated Help repository&lt;/a&gt;.&lt;/p&gt;

</description>
        <pubDate>Sun, 04 Jan 2015 00:45:39 +0400</pubDate>
        <link>.//2015/01/04/welcome-to-jekyll%20-%20Copy%20-%20Copy%20-%20Copy%20-%20Copy%20(2).html</link>
        <guid isPermaLink="true">.//2015/01/04/welcome-to-jekyll%20-%20Copy%20-%20Copy%20-%20Copy%20-%20Copy%20(2).html</guid>
        
        
      </item>
    
      <item>
        <title>Show must go on</title>
        <description>&lt;p&gt;You’ll find this post in your &lt;code&gt;_posts&lt;/code&gt; directory. Go ahead and edit it and re-build the site to see your changes. You can rebuild the site in many different ways, but the most common way is to run &lt;code&gt;jekyll serve&lt;/code&gt;, which launches a web server and auto-regenerates your site when a file is updated.&lt;/p&gt;

&lt;p&gt;To add new posts, simply add a file in the &lt;code&gt;_posts&lt;/code&gt; directory that follows the convention &lt;code&gt;YYYY-MM-DD-name-of-post.ext&lt;/code&gt; and includes the necessary front matter. Take a look at the source for this post to get an idea about how it works.&lt;/p&gt;

&lt;p&gt;Jekyll also offers powerful support for code snippets:&lt;/p&gt;

&lt;div class=&quot;highlight&quot;&gt;&lt;pre&gt;&lt;code class=&quot;language-ruby&quot; data-lang=&quot;ruby&quot;&gt;&lt;span class=&quot;k&quot;&gt;def&lt;/span&gt; &lt;span class=&quot;nf&quot;&gt;print_hi&lt;/span&gt;&lt;span class=&quot;p&quot;&gt;(&lt;/span&gt;&lt;span class=&quot;nb&quot;&gt;name&lt;/span&gt;&lt;span class=&quot;p&quot;&gt;)&lt;/span&gt;
  &lt;span class=&quot;nb&quot;&gt;puts&lt;/span&gt; &lt;span class=&quot;s2&quot;&gt;&amp;quot;Hi, &lt;/span&gt;&lt;span class=&quot;si&quot;&gt;#{&lt;/span&gt;&lt;span class=&quot;nb&quot;&gt;name&lt;/span&gt;&lt;span class=&quot;si&quot;&gt;}&lt;/span&gt;&lt;span class=&quot;s2&quot;&gt;&amp;quot;&lt;/span&gt;
&lt;span class=&quot;k&quot;&gt;end&lt;/span&gt;
&lt;span class=&quot;n&quot;&gt;print_hi&lt;/span&gt;&lt;span class=&quot;p&quot;&gt;(&lt;/span&gt;&lt;span class=&quot;s1&quot;&gt;&amp;#39;Tom&amp;#39;&lt;/span&gt;&lt;span class=&quot;p&quot;&gt;)&lt;/span&gt;
&lt;span class=&quot;c1&quot;&gt;#=&amp;gt; prints &amp;#39;Hi, Tom&amp;#39; to STDOUT.&lt;/span&gt;&lt;/code&gt;&lt;/pre&gt;&lt;/div&gt;

&lt;p&gt;Check out the &lt;a href=&quot;http://jekyllrb.com&quot;&gt;Jekyll docs&lt;/a&gt; for more info on how to get the most out of Jekyll. File all bugs/feature requests at &lt;a href=&quot;https://github.com/jekyll/jekyll&quot;&gt;Jekyll’s GitHub repo&lt;/a&gt;. If you have questions, you can ask them on &lt;a href=&quot;https://github.com/jekyll/jekyll-help&quot;&gt;Jekyll’s dedicated Help repository&lt;/a&gt;.&lt;/p&gt;

</description>
        <pubDate>Sun, 04 Jan 2015 00:45:39 +0400</pubDate>
        <link>.//2015/01/04/welcome-to-jekyll%20-%20Copy%20-%20Copy%20-%20Copy%20-%20Copy.html</link>
        <guid isPermaLink="true">.//2015/01/04/welcome-to-jekyll%20-%20Copy%20-%20Copy%20-%20Copy%20-%20Copy.html</guid>
        
        
      </item>
    
      <item>
        <title>look even words which don&#39;t </title>
        <description>&lt;p&gt;You’ll find this post in your &lt;code&gt;_posts&lt;/code&gt; directory. Go ahead and edit it and re-build the site to see your changes. You can rebuild the site in many different ways, but the most common way is to run &lt;code&gt;jekyll serve&lt;/code&gt;, which launches a web server and auto-regenerates your site when a file is updated.&lt;/p&gt;

&lt;p&gt;To add new posts, simply add a file in the &lt;code&gt;_posts&lt;/code&gt; directory that follows the convention &lt;code&gt;YYYY-MM-DD-name-of-post.ext&lt;/code&gt; and includes the necessary front matter. Take a look at the source for this post to get an idea about how it works.&lt;/p&gt;

&lt;p&gt;Jekyll also offers powerful support for code snippets:&lt;/p&gt;

&lt;div class=&quot;highlight&quot;&gt;&lt;pre&gt;&lt;code class=&quot;language-ruby&quot; data-lang=&quot;ruby&quot;&gt;&lt;span class=&quot;k&quot;&gt;def&lt;/span&gt; &lt;span class=&quot;nf&quot;&gt;print_hi&lt;/span&gt;&lt;span class=&quot;p&quot;&gt;(&lt;/span&gt;&lt;span class=&quot;nb&quot;&gt;name&lt;/span&gt;&lt;span class=&quot;p&quot;&gt;)&lt;/span&gt;
  &lt;span class=&quot;nb&quot;&gt;puts&lt;/span&gt; &lt;span class=&quot;s2&quot;&gt;&amp;quot;Hi, &lt;/span&gt;&lt;span class=&quot;si&quot;&gt;#{&lt;/span&gt;&lt;span class=&quot;nb&quot;&gt;name&lt;/span&gt;&lt;span class=&quot;si&quot;&gt;}&lt;/span&gt;&lt;span class=&quot;s2&quot;&gt;&amp;quot;&lt;/span&gt;
&lt;span class=&quot;k&quot;&gt;end&lt;/span&gt;
&lt;span class=&quot;n&quot;&gt;print_hi&lt;/span&gt;&lt;span class=&quot;p&quot;&gt;(&lt;/span&gt;&lt;span class=&quot;s1&quot;&gt;&amp;#39;Tom&amp;#39;&lt;/span&gt;&lt;span class=&quot;p&quot;&gt;)&lt;/span&gt;
&lt;span class=&quot;c1&quot;&gt;#=&amp;gt; prints &amp;#39;Hi, Tom&amp;#39; to STDOUT.&lt;/span&gt;&lt;/code&gt;&lt;/pre&gt;&lt;/div&gt;

&lt;p&gt;Check out the &lt;a href=&quot;http://jekyllrb.com&quot;&gt;Jekyll docs&lt;/a&gt; for more info on how to get the most out of Jekyll. File all bugs/feature requests at &lt;a href=&quot;https://github.com/jekyll/jekyll&quot;&gt;Jekyll’s GitHub repo&lt;/a&gt;. If you have questions, you can ask them on &lt;a href=&quot;https://github.com/jekyll/jekyll-help&quot;&gt;Jekyll’s dedicated Help repository&lt;/a&gt;.&lt;/p&gt;

</description>
        <pubDate>Sun, 04 Jan 2015 00:45:39 +0400</pubDate>
        <link>.//2015/01/04/welcome-to-jekyll%20-%20Copy%20-%20Copy%20-%20Copy%20(2).html</link>
        <guid isPermaLink="true">.//2015/01/04/welcome-to-jekyll%20-%20Copy%20-%20Copy%20-%20Copy%20(2).html</guid>
        
        
      </item>
    
      <item>
        <title>Hello world and jekyll</title>
        <description>&lt;p&gt;You’ll find this post in your &lt;code&gt;_posts&lt;/code&gt; directory. Go ahead and edit it and re-build the site to see your changes. You can rebuild the site in many different ways, but the most common way is to run &lt;code&gt;jekyll serve&lt;/code&gt;, which launches a web server and auto-regenerates your site when a file is updated.&lt;/p&gt;

&lt;p&gt;To add new posts, simply add a file in the &lt;code&gt;_posts&lt;/code&gt; directory that follows the convention &lt;code&gt;YYYY-MM-DD-name-of-post.ext&lt;/code&gt; and includes the necessary front matter. Take a look at the source for this post to get an idea about how it works.&lt;/p&gt;

&lt;p&gt;Jekyll also offers powerful support for code snippets:&lt;/p&gt;

&lt;div class=&quot;highlight&quot;&gt;&lt;pre&gt;&lt;code class=&quot;language-ruby&quot; data-lang=&quot;ruby&quot;&gt;&lt;span class=&quot;k&quot;&gt;def&lt;/span&gt; &lt;span class=&quot;nf&quot;&gt;print_hi&lt;/span&gt;&lt;span class=&quot;p&quot;&gt;(&lt;/span&gt;&lt;span class=&quot;nb&quot;&gt;name&lt;/span&gt;&lt;span class=&quot;p&quot;&gt;)&lt;/span&gt;
  &lt;span class=&quot;nb&quot;&gt;puts&lt;/span&gt; &lt;span class=&quot;s2&quot;&gt;&amp;quot;Hi, &lt;/span&gt;&lt;span class=&quot;si&quot;&gt;#{&lt;/span&gt;&lt;span class=&quot;nb&quot;&gt;name&lt;/span&gt;&lt;span class=&quot;si&quot;&gt;}&lt;/span&gt;&lt;span class=&quot;s2&quot;&gt;&amp;quot;&lt;/span&gt;
&lt;span class=&quot;k&quot;&gt;end&lt;/span&gt;
&lt;span class=&quot;n&quot;&gt;print_hi&lt;/span&gt;&lt;span class=&quot;p&quot;&gt;(&lt;/span&gt;&lt;span class=&quot;s1&quot;&gt;&amp;#39;Tom&amp;#39;&lt;/span&gt;&lt;span class=&quot;p&quot;&gt;)&lt;/span&gt;
&lt;span class=&quot;c1&quot;&gt;#=&amp;gt; prints &amp;#39;Hi, Tom&amp;#39; to STDOUT.&lt;/span&gt;&lt;/code&gt;&lt;/pre&gt;&lt;/div&gt;

&lt;p&gt;Check out the &lt;a href=&quot;http://jekyllrb.com&quot;&gt;Jekyll docs&lt;/a&gt; for more info on how to get the most out of Jekyll. File all bugs/feature requests at &lt;a href=&quot;https://github.com/jekyll/jekyll&quot;&gt;Jekyll’s GitHub repo&lt;/a&gt;. If you have questions, you can ask them on &lt;a href=&quot;https://github.com/jekyll/jekyll-help&quot;&gt;Jekyll’s dedicated Help repository&lt;/a&gt;.&lt;/p&gt;

</description>
        <pubDate>Sun, 04 Jan 2015 00:45:39 +0400</pubDate>
        <link>.//2015/01/04/welcome-to-jekyll%20-%20Copy%20-%20Copy%20-%20Copy.html</link>
        <guid isPermaLink="true">.//2015/01/04/welcome-to-jekyll%20-%20Copy%20-%20Copy%20-%20Copy.html</guid>
        
        
      </item>
    
      <item>
        <title>words which don&#39;t </title>
        <description>&lt;p&gt;You’ll find this post in your &lt;code&gt;_posts&lt;/code&gt; directory. Go ahead and edit it and re-build the site to see your changes. You can rebuild the site in many different ways, but the most common way is to run &lt;code&gt;jekyll serve&lt;/code&gt;, which launches a web server and auto-regenerates your site when a file is updated.&lt;/p&gt;

&lt;p&gt;To add new posts, simply add a file in the &lt;code&gt;_posts&lt;/code&gt; directory that follows the convention &lt;code&gt;YYYY-MM-DD-name-of-post.ext&lt;/code&gt; and includes the necessary front matter. Take a look at the source for this post to get an idea about how it works.&lt;/p&gt;

&lt;p&gt;Jekyll also offers powerful support for code snippets:&lt;/p&gt;

&lt;div class=&quot;highlight&quot;&gt;&lt;pre&gt;&lt;code class=&quot;language-ruby&quot; data-lang=&quot;ruby&quot;&gt;&lt;span class=&quot;k&quot;&gt;def&lt;/span&gt; &lt;span class=&quot;nf&quot;&gt;print_hi&lt;/span&gt;&lt;span class=&quot;p&quot;&gt;(&lt;/span&gt;&lt;span class=&quot;nb&quot;&gt;name&lt;/span&gt;&lt;span class=&quot;p&quot;&gt;)&lt;/span&gt;
  &lt;span class=&quot;nb&quot;&gt;puts&lt;/span&gt; &lt;span class=&quot;s2&quot;&gt;&amp;quot;Hi, &lt;/span&gt;&lt;span class=&quot;si&quot;&gt;#{&lt;/span&gt;&lt;span class=&quot;nb&quot;&gt;name&lt;/span&gt;&lt;span class=&quot;si&quot;&gt;}&lt;/span&gt;&lt;span class=&quot;s2&quot;&gt;&amp;quot;&lt;/span&gt;
&lt;span class=&quot;k&quot;&gt;end&lt;/span&gt;
&lt;span class=&quot;n&quot;&gt;print_hi&lt;/span&gt;&lt;span class=&quot;p&quot;&gt;(&lt;/span&gt;&lt;span class=&quot;s1&quot;&gt;&amp;#39;Tom&amp;#39;&lt;/span&gt;&lt;span class=&quot;p&quot;&gt;)&lt;/span&gt;
&lt;span class=&quot;c1&quot;&gt;#=&amp;gt; prints &amp;#39;Hi, Tom&amp;#39; to STDOUT.&lt;/span&gt;&lt;/code&gt;&lt;/pre&gt;&lt;/div&gt;

&lt;p&gt;Check out the &lt;a href=&quot;http://jekyllrb.com&quot;&gt;Jekyll docs&lt;/a&gt; for more info on how to get the most out of Jekyll. File all bugs/feature requests at &lt;a href=&quot;https://github.com/jekyll/jekyll&quot;&gt;Jekyll’s GitHub repo&lt;/a&gt;. If you have questions, you can ask them on &lt;a href=&quot;https://github.com/jekyll/jekyll-help&quot;&gt;Jekyll’s dedicated Help repository&lt;/a&gt;.&lt;/p&gt;

</description>
        <pubDate>Sun, 04 Jan 2015 00:45:39 +0400</pubDate>
        <link>.//2015/01/04/welcome-to-jekyll%20-%20Copy%20-%20Copy%20(2).html</link>
        <guid isPermaLink="true">.//2015/01/04/welcome-to-jekyll%20-%20Copy%20-%20Copy%20(2).html</guid>
        
        
      </item>
    
      <item>
        <title>Yes another title</title>
        <description>&lt;p&gt;You’ll find this post in your &lt;code&gt;_posts&lt;/code&gt; directory. Go ahead and edit it and re-build the site to see your changes. You can rebuild the site in many different ways, but the most common way is to run &lt;code&gt;jekyll serve&lt;/code&gt;, which launches a web server and auto-regenerates your site when a file is updated.&lt;/p&gt;

&lt;p&gt;To add new posts, simply add a file in the &lt;code&gt;_posts&lt;/code&gt; directory that follows the convention &lt;code&gt;YYYY-MM-DD-name-of-post.ext&lt;/code&gt; and includes the necessary front matter. Take a look at the source for this post to get an idea about how it works.&lt;/p&gt;

&lt;p&gt;Jekyll also offers powerful support for code snippets:&lt;/p&gt;

&lt;div class=&quot;highlight&quot;&gt;&lt;pre&gt;&lt;code class=&quot;language-ruby&quot; data-lang=&quot;ruby&quot;&gt;&lt;span class=&quot;k&quot;&gt;def&lt;/span&gt; &lt;span class=&quot;nf&quot;&gt;print_hi&lt;/span&gt;&lt;span class=&quot;p&quot;&gt;(&lt;/span&gt;&lt;span class=&quot;nb&quot;&gt;name&lt;/span&gt;&lt;span class=&quot;p&quot;&gt;)&lt;/span&gt;
  &lt;span class=&quot;nb&quot;&gt;puts&lt;/span&gt; &lt;span class=&quot;s2&quot;&gt;&amp;quot;Hi, &lt;/span&gt;&lt;span class=&quot;si&quot;&gt;#{&lt;/span&gt;&lt;span class=&quot;nb&quot;&gt;name&lt;/span&gt;&lt;span class=&quot;si&quot;&gt;}&lt;/span&gt;&lt;span class=&quot;s2&quot;&gt;&amp;quot;&lt;/span&gt;
&lt;span class=&quot;k&quot;&gt;end&lt;/span&gt;
&lt;span class=&quot;n&quot;&gt;print_hi&lt;/span&gt;&lt;span class=&quot;p&quot;&gt;(&lt;/span&gt;&lt;span class=&quot;s1&quot;&gt;&amp;#39;Tom&amp;#39;&lt;/span&gt;&lt;span class=&quot;p&quot;&gt;)&lt;/span&gt;
&lt;span class=&quot;c1&quot;&gt;#=&amp;gt; prints &amp;#39;Hi, Tom&amp;#39; to STDOUT.&lt;/span&gt;&lt;/code&gt;&lt;/pre&gt;&lt;/div&gt;

&lt;p&gt;Check out the &lt;a href=&quot;http://jekyllrb.com&quot;&gt;Jekyll docs&lt;/a&gt; for more info on how to get the most out of Jekyll. File all bugs/feature requests at &lt;a href=&quot;https://github.com/jekyll/jekyll&quot;&gt;Jekyll’s GitHub repo&lt;/a&gt;. If you have questions, you can ask them on &lt;a href=&quot;https://github.com/jekyll/jekyll-help&quot;&gt;Jekyll’s dedicated Help repository&lt;/a&gt;.&lt;/p&gt;

</description>
        <pubDate>Sun, 04 Jan 2015 00:45:39 +0400</pubDate>
        <link>.//2015/01/04/welcome-to-jekyll%20-%20Copy%20-%20Copy.html</link>
        <guid isPermaLink="true">.//2015/01/04/welcome-to-jekyll%20-%20Copy%20-%20Copy.html</guid>
        
        
      </item>
    
      <item>
        <title>words which don&#39;t  Jekyll!</title>
        <description>&lt;p&gt;You’ll find this post in your &lt;code&gt;_posts&lt;/code&gt; directory. Go ahead and edit it and re-build the site to see your changes. You can rebuild the site in many different ways, but the most common way is to run &lt;code&gt;jekyll serve&lt;/code&gt;, which launches a web server and auto-regenerates your site when a file is updated.&lt;/p&gt;

&lt;p&gt;To add new posts, simply add a file in the &lt;code&gt;_posts&lt;/code&gt; directory that follows the convention &lt;code&gt;YYYY-MM-DD-name-of-post.ext&lt;/code&gt; and includes the necessary front matter. Take a look at the source for this post to get an idea about how it works.&lt;/p&gt;

&lt;p&gt;Jekyll also offers powerful support for code snippets:&lt;/p&gt;

&lt;div class=&quot;highlight&quot;&gt;&lt;pre&gt;&lt;code class=&quot;language-ruby&quot; data-lang=&quot;ruby&quot;&gt;&lt;span class=&quot;k&quot;&gt;def&lt;/span&gt; &lt;span class=&quot;nf&quot;&gt;print_hi&lt;/span&gt;&lt;span class=&quot;p&quot;&gt;(&lt;/span&gt;&lt;span class=&quot;nb&quot;&gt;name&lt;/span&gt;&lt;span class=&quot;p&quot;&gt;)&lt;/span&gt;
  &lt;span class=&quot;nb&quot;&gt;puts&lt;/span&gt; &lt;span class=&quot;s2&quot;&gt;&amp;quot;Hi, &lt;/span&gt;&lt;span class=&quot;si&quot;&gt;#{&lt;/span&gt;&lt;span class=&quot;nb&quot;&gt;name&lt;/span&gt;&lt;span class=&quot;si&quot;&gt;}&lt;/span&gt;&lt;span class=&quot;s2&quot;&gt;&amp;quot;&lt;/span&gt;
&lt;span class=&quot;k&quot;&gt;end&lt;/span&gt;
&lt;span class=&quot;n&quot;&gt;print_hi&lt;/span&gt;&lt;span class=&quot;p&quot;&gt;(&lt;/span&gt;&lt;span class=&quot;s1&quot;&gt;&amp;#39;Tom&amp;#39;&lt;/span&gt;&lt;span class=&quot;p&quot;&gt;)&lt;/span&gt;
&lt;span class=&quot;c1&quot;&gt;#=&amp;gt; prints &amp;#39;Hi, Tom&amp;#39; to STDOUT.&lt;/span&gt;&lt;/code&gt;&lt;/pre&gt;&lt;/div&gt;

&lt;p&gt;Check out the &lt;a href=&quot;http://jekyllrb.com&quot;&gt;Jekyll docs&lt;/a&gt; for more info on how to get the most out of Jekyll. File all bugs/feature requests at &lt;a href=&quot;https://github.com/jekyll/jekyll&quot;&gt;Jekyll’s GitHub repo&lt;/a&gt;. If you have questions, you can ask them on &lt;a href=&quot;https://github.com/jekyll/jekyll-help&quot;&gt;Jekyll’s dedicated Help repository&lt;/a&gt;.&lt;/p&gt;

</description>
        <pubDate>Sun, 04 Jan 2015 00:45:39 +0400</pubDate>
        <link>.//2015/01/04/welcome-to-jekyll%20-%20Copy%20(5)%20-%20Copy.html</link>
        <guid isPermaLink="true">.//2015/01/04/welcome-to-jekyll%20-%20Copy%20(5)%20-%20Copy.html</guid>
        
        
      </item>
    
      <item>
        <title>It is a long established fact</title>
        <description>&lt;p&gt;You’ll find this post in your &lt;code&gt;_posts&lt;/code&gt; directory. Go ahead and edit it and re-build the site to see your changes. You can rebuild the site in many different ways, but the most common way is to run &lt;code&gt;jekyll serve&lt;/code&gt;, which launches a web server and auto-regenerates your site when a file is updated.&lt;/p&gt;

&lt;p&gt;To add new posts, simply add a file in the &lt;code&gt;_posts&lt;/code&gt; directory that follows the convention &lt;code&gt;YYYY-MM-DD-name-of-post.ext&lt;/code&gt; and includes the necessary front matter. Take a look at the source for this post to get an idea about how it works.&lt;/p&gt;

&lt;p&gt;Jekyll also offers powerful support for code snippets:&lt;/p&gt;

&lt;div class=&quot;highlight&quot;&gt;&lt;pre&gt;&lt;code class=&quot;language-ruby&quot; data-lang=&quot;ruby&quot;&gt;&lt;span class=&quot;k&quot;&gt;def&lt;/span&gt; &lt;span class=&quot;nf&quot;&gt;print_hi&lt;/span&gt;&lt;span class=&quot;p&quot;&gt;(&lt;/span&gt;&lt;span class=&quot;nb&quot;&gt;name&lt;/span&gt;&lt;span class=&quot;p&quot;&gt;)&lt;/span&gt;
  &lt;span class=&quot;nb&quot;&gt;puts&lt;/span&gt; &lt;span class=&quot;s2&quot;&gt;&amp;quot;Hi, &lt;/span&gt;&lt;span class=&quot;si&quot;&gt;#{&lt;/span&gt;&lt;span class=&quot;nb&quot;&gt;name&lt;/span&gt;&lt;span class=&quot;si&quot;&gt;}&lt;/span&gt;&lt;span class=&quot;s2&quot;&gt;&amp;quot;&lt;/span&gt;
&lt;span class=&quot;k&quot;&gt;end&lt;/span&gt;
&lt;span class=&quot;n&quot;&gt;print_hi&lt;/span&gt;&lt;span class=&quot;p&quot;&gt;(&lt;/span&gt;&lt;span class=&quot;s1&quot;&gt;&amp;#39;Tom&amp;#39;&lt;/span&gt;&lt;span class=&quot;p&quot;&gt;)&lt;/span&gt;
&lt;span class=&quot;c1&quot;&gt;#=&amp;gt; prints &amp;#39;Hi, Tom&amp;#39; to STDOUT.&lt;/span&gt;&lt;/code&gt;&lt;/pre&gt;&lt;/div&gt;

&lt;p&gt;Check out the &lt;a href=&quot;http://jekyllrb.com&quot;&gt;Jekyll docs&lt;/a&gt; for more info on how to get the most out of Jekyll. File all bugs/feature requests at &lt;a href=&quot;https://github.com/jekyll/jekyll&quot;&gt;Jekyll’s GitHub repo&lt;/a&gt;. If you have questions, you can ask them on &lt;a href=&quot;https://github.com/jekyll/jekyll-help&quot;&gt;Jekyll’s dedicated Help repository&lt;/a&gt;.&lt;/p&gt;

</description>
        <pubDate>Sun, 04 Jan 2015 00:45:39 +0400</pubDate>
        <link>.//2015/01/04/welcome-to-jekyll%20-%20Copy%20(4)%20-%20Copy%20-%20Copy.html</link>
        <guid isPermaLink="true">.//2015/01/04/welcome-to-jekyll%20-%20Copy%20(4)%20-%20Copy%20-%20Copy.html</guid>
        
        
      </item>
    
      <item>
        <title>Welcome to Jekyll!</title>
        <description>&lt;p&gt;You’ll find this post in your &lt;code&gt;_posts&lt;/code&gt; directory. Go ahead and edit it and re-build the site to see your changes. You can rebuild the site in many different ways, but the most common way is to run &lt;code&gt;jekyll serve&lt;/code&gt;, which launches a web server and auto-regenerates your site when a file is updated.&lt;/p&gt;

&lt;p&gt;To add new posts, simply add a file in the &lt;code&gt;_posts&lt;/code&gt; directory that follows the convention &lt;code&gt;YYYY-MM-DD-name-of-post.ext&lt;/code&gt; and includes the necessary front matter. Take a look at the source for this post to get an idea about how it works.&lt;/p&gt;

&lt;p&gt;Jekyll also offers powerful support for code snippets:&lt;/p&gt;

&lt;div class=&quot;highlight&quot;&gt;&lt;pre&gt;&lt;code class=&quot;language-ruby&quot; data-lang=&quot;ruby&quot;&gt;&lt;span class=&quot;k&quot;&gt;def&lt;/span&gt; &lt;span class=&quot;nf&quot;&gt;print_hi&lt;/span&gt;&lt;span class=&quot;p&quot;&gt;(&lt;/span&gt;&lt;span class=&quot;nb&quot;&gt;name&lt;/span&gt;&lt;span class=&quot;p&quot;&gt;)&lt;/span&gt;
  &lt;span class=&quot;nb&quot;&gt;puts&lt;/span&gt; &lt;span class=&quot;s2&quot;&gt;&amp;quot;Hi, &lt;/span&gt;&lt;span class=&quot;si&quot;&gt;#{&lt;/span&gt;&lt;span class=&quot;nb&quot;&gt;name&lt;/span&gt;&lt;span class=&quot;si&quot;&gt;}&lt;/span&gt;&lt;span class=&quot;s2&quot;&gt;&amp;quot;&lt;/span&gt;
&lt;span class=&quot;k&quot;&gt;end&lt;/span&gt;
&lt;span class=&quot;n&quot;&gt;print_hi&lt;/span&gt;&lt;span class=&quot;p&quot;&gt;(&lt;/span&gt;&lt;span class=&quot;s1&quot;&gt;&amp;#39;Tom&amp;#39;&lt;/span&gt;&lt;span class=&quot;p&quot;&gt;)&lt;/span&gt;
&lt;span class=&quot;c1&quot;&gt;#=&amp;gt; prints &amp;#39;Hi, Tom&amp;#39; to STDOUT.&lt;/span&gt;&lt;/code&gt;&lt;/pre&gt;&lt;/div&gt;

&lt;p&gt;Check out the &lt;a href=&quot;http://jekyllrb.com&quot;&gt;Jekyll docs&lt;/a&gt; for more info on how to get the most out of Jekyll. File all bugs/feature requests at &lt;a href=&quot;https://github.com/jekyll/jekyll&quot;&gt;Jekyll’s GitHub repo&lt;/a&gt;. If you have questions, you can ask them on &lt;a href=&quot;https://github.com/jekyll/jekyll-help&quot;&gt;Jekyll’s dedicated Help repository&lt;/a&gt;.&lt;/p&gt;

</description>
        <pubDate>Sun, 04 Jan 2015 00:45:39 +0400</pubDate>
        <link>.//2015/01/04/welcome-to-jekyll%20-%20Copy%20(4)%20-%20Copy.html</link>
        <guid isPermaLink="true">.//2015/01/04/welcome-to-jekyll%20-%20Copy%20(4)%20-%20Copy.html</guid>
        
        
      </item>
    
  </channel>
</rss>
